
{
  "intents": [
    {
      "tag": "greeting",
      "patterns": ["Hi", "Hey", "How are you", "Is anyone there?", "Hello", "Good day"],
      "responses": ["Hello!", "Hi there, how can I help you?", "Greetings!"]
    },
    {
      "tag": "goodbye",
      "patterns": ["Bye", "See you later", "Goodbye"],
      "responses": ["See you!", "Have a great day!", "Bye! Come back soon."]
    },
    {
      "tag": "thanks",
      "patterns": ["Thanks", "Thank you", "That's helpful"],
      "responses": ["You're welcome!", "Happy to help!", "Anytime!"]
    },
    {
      "tag": "hours",
      "patterns": ["What hours are you open?", "What are your hours?", "When are you open?"],
      "responses": ["We're open every day 9am-9pm.", "Our hours are 9am to 9pm every day."]
    },
    {
      "tag": "payments",
      "patterns": ["Do you take credit cards?", "Do you accept Mastercard?", "Can I pay with PayPal?"],
      "responses": ["We accept Visa, Mastercard and PayPal.", "Yes, all major credit cards are accepted."]
    }
  ]
}
